{
  "project_info": {
    "project_number": "940446628757",
    "project_id": "moyubie-cbfbb",
    "storage_bucket": "moyubie-cbfbb.appspot.com"
  },
  "client": [
    {
      "client_info": {
        "mobilesdk_app_id": "1:940446628757:android:5a9bc1d91ac4ce0ab5549c",
        "android_client_info": {
          "package_name": "com.moyuteam.moyubie"
        }
      },
      "oauth_client": [
        {
          "client_id": "940446628757-qsrankia3v57ht9hic95ertjvfk77fne.apps.googleusercontent.com",
          "client_type": 3
        }
      ],
      "api_key": [
        {
          "current_key": "AIzaSyCClhx2WxuK2Mn3iuzsdfP5lCa_RETQIbs"
        }
      ],
      "services": {
        "appinvite_service": {
          "other_platform_oauth_client": [
            {
              "client_id": "940446628757-qsrankia3v57ht9hic95ertjvfk77fne.apps.googleusercontent.com",
              "client_type": 3
            },
            {
              "client_id": "940446628757-qcck4cjmcbej8q4esctbf7lagpmb1nlt.apps.googleusercontent.com",
              "client_type": 2,
              "ios_info": {
                "bundle_id": "com.moyuteam.moyubie"
              }
            }
          ]
        }
      }
    }
  ],
  "configuration_version": "1"
}